,Type,timestamp,posX,posY,receivedPosX,receivedPosY,isForwardPass,isSucceeded,receiverId,playerId,receiverTime
0,Pass,2024-10-19 10:25:51.603,51.79,34.06,59.41,32.32,0.0,1.0,97351.0,97355,2024-10-19 10:25:51.801000
1,Pass,2024-10-19 10:25:54.207,60.43,31.64,77.19,33.73,0.0,1.0,97347.0,97351,2024-10-19 10:25:54.207000
2,Pass,2024-10-19 10:26:11.846,79.78,27.18,45.89,-2.5,1.0,0.0,0.0,97347,0
3,Pass,2024-10-19 10:26:15.805,39.95,-0.05,27.39,8.33,0.0,1.0,97370.0,97368,2024-10-19 10:26:15.805000
4,Pass,2024-10-19 10:26:20.314,25.82,14.56,23.01,40.33,0.0,1.0,97369.0,97370,2024-10-19 10:26:20.409000
5,Pass,2024-10-19 10:26:27.866,22.34,40.71,-2.13,41.75,0.0,0.0,0.0,97369,0
6,Pass,2024-10-19 10:26:44.522,28.46,43.43,43.96,40.75,0.0,1.0,97347.0,97355,2024-10-19 10:26:44.601000
7,Pass,2024-10-19 10:26:51.175,44.99,41.5,30.94,59.8,0.0,1.0,97359.0,97347,2024-10-19 10:26:51.203000
8,TacklesAndInterceptions,2024-10-19 10:26:58.821,19.0,52.79,,,,,0.0,97369,0
9,Pass,2024-10-19 10:26:58.921,29.19,61.12,19.85,52.83,1.0,0.0,0.0,97359,0
10,Pass,2024-10-19 10:27:04.771,19.0,52.79,32.15,49.73,1.0,1.0,97373.0,97369,2024-10-19 10:27:04.832000
11,Pass,2024-10-19 10:27:13.876,42.38,46.29,56.56,68.35,0.0,0.0,0.0,97373,0
12,Pass,2024-10-19 10:27:38.344,50.8,21.62,54.29,27.9,0.0,0.0,0.0,97352,0
13,Pass,2024-10-19 10:27:43.004,56.74,32.13,65.28,32.39,0.0,1.0,97347.0,97356,2024-10-19 10:27:43.004000
14,Pass,2024-10-19 10:27:43.806,67.49,32.38,53.26,35.26,1.0,0.0,0.0,97347,0
15,Pass,2024-10-19 10:27:53.400,14.19,54.95,9.82,40.67,0.0,1.0,97358.0,97353,2024-10-19 10:27:53.400000
16,Pass,2024-10-19 10:27:52.703,5.09,42.62,8.66,49.59,0.0,1.0,97355.0,97358,2024-10-19 10:27:52.800000
17,Pass,2024-10-19 10:27:53.000,9.34,50.3,6.33,58.4,0.0,1.0,97353.0,97355,2024-10-19 10:27:53.203000
18,Pass,2024-10-19 10:27:55.269,5.09,55.11,23.48,57.44,0.0,1.0,97359.0,97353,2024-10-19 10:27:55.401000
19,Pass,2024-10-19 10:27:57.000,19.35,57.12,17.43,50.56,0.0,0.0,0.0,97359,0
20,TacklesAndInterceptions,2024-10-19 10:27:57.000,17.31,53.42,,,,,0.0,97373,0
21,Pass,2024-10-19 10:28:08.213,25.18,2.18,34.42,4.37,1.0,1.0,97376.0,97368,2024-10-19 10:28:08.401000
22,Pass,2024-10-19 10:28:12.127,33.72,5.38,39.86,0.34,1.0,1.0,97368.0,97376,2024-10-19 10:28:12.127000
23,Pass,2024-10-19 10:28:12.007,37.52,1.32,40.4,0.69,1.0,1.0,97376.0,97368,2024-10-19 10:28:12.203000
24,Pass,2024-10-19 10:28:19.672,46.63,-0.02,49.15,-2.87,0.0,0.0,0.0,97376,0
25,Pass,2024-10-19 10:28:39.265,49.12,-3.93,-3.65,38.64,1.0,0.0,0.0,97351,0
26,Pass,2024-10-19 10:29:22.802,9.87,0.86,8.86,5.66,0.0,1.0,97355.0,97352,2024-10-19 10:29:22.802000
27,Pass,2024-10-19 10:29:23.201,9.85,6.79,8.52,1.87,0.0,1.0,97352.0,97355,2024-10-19 10:29:23.404000
28,Pass,2024-10-19 10:29:27.811,4.04,2.58,-1.23,15.55,0.0,0.0,0.0,97352,0
29,Pass,2024-10-19 10:29:55.002,16.28,30.97,21.62,35.06,0.0,1.0,97358.0,97347,2024-10-19 10:29:55.201000
30,TacklesAndInterceptions,2024-10-19 10:30:06.803,20.11,13.27,,,,,0.0,97368,0
31,Pass,2024-10-19 10:30:06.803,23.65,15.5,18.6,12.11,1.0,0.0,0.0,97358,0
32,Pass,2024-10-19 10:30:10.201,15.95,6.19,36.48,-1.43,1.0,0.0,0.0,97368,0
33,Pass,2024-10-19 10:30:16.805,40.19,1.38,40.97,-2.48,0.0,0.0,0.0,97352,0
34,Pass,2024-10-19 10:30:23.202,36.6,0.41,22.48,5.69,1.0,1.0,96901.0,97356,2024-10-19 10:30:23.407000
35,Pass,2024-10-19 10:30:27.600,22.72,4.19,18.14,14.19,0.0,0.0,0.0,96901,0
36,TacklesAndInterceptions,2024-10-19 10:30:25.601,18.62,14.35,,,,,0.0,97373,0
37,Pass,2024-10-19 10:30:27.203,17.3,13.68,21.05,7.5,0.0,1.0,97368.0,97373,2024-10-19 10:30:27.400000
38,TacklesAndInterceptions,2024-10-19 10:30:40.400,34.4,52.34,,,,,0.0,96901,0
39,Pass,2024-10-19 10:30:40.507,17.14,33.8,33.58,54.0,0.0,0.0,0.0,97369,0
40,Pass,2024-10-19 10:31:31.603,46.93,24.46,41.23,27.55,1.0,1.0,97355.0,97347,2024-10-19 10:31:31.802000
41,Pass,2024-10-19 10:31:32.602,39.08,26.45,44.68,29.85,0.0,1.0,96901.0,97355,2024-10-19 10:31:32.809000
42,Pass,2024-10-19 10:31:36.200,45.85,31.76,14.45,15.92,1.0,1.0,97358.0,96901,2024-10-19 10:31:36.201000
43,Pass,2024-10-19 10:31:41.001,12.37,10.89,14.16,28.9,0.0,0.0,0.0,97358,0
44,Pass,2024-10-19 10:32:21.363,14.05,29.74,-3.11,40.22,0.0,0.0,0.0,97369,0
45,Pass,2024-10-19 10:32:34.802,79.74,13.48,70.85,8.1,1.0,1.0,97352.0,97356,2024-10-19 10:32:34.802000
46,Pass,2024-10-19 10:32:35.602,70.7,7.37,77.28,11.25,0.0,1.0,97356.0,97352,2024-10-19 10:32:35.602000
47,Pass,2024-10-19 10:32:58.410,23.58,13.96,19.24,30.68,0.0,1.0,97369.0,97370,2024-10-19 10:32:58.410000
48,Pass,2024-10-19 10:32:58.410,18.08,34.0,20.74,16.73,0.0,1.0,97370.0,97369,2024-10-19 10:32:58.805000
49,Pass,2024-10-19 10:33:32.801,20.37,16.98,31.22,68.55,0.0,0.0,0.0,97370,0
50,Pass,2024-10-19 10:33:48.959,17.58,64.66,24.06,27.36,0.0,1.0,97368.0,96905,2024-10-19 10:33:49.000000
51,Pass,2024-10-19 10:34:03.209,67.56,38.42,30.2,22.74,1.0,1.0,97358.0,97347,2024-10-19 10:34:03.401000
52,TacklesAndInterceptions,2024-10-19 10:34:04.415,23.98,19.59,,,,,0.0,97370,0
53,Pass,2024-10-19 10:34:05.809,22.15,18.23,21.23,22.1,0.0,1.0,97368.0,97370,2024-10-19 10:34:06.000000
54,Pass,2024-10-19 10:34:10.008,24.48,28.1,27.88,29.11,1.0,0.0,0.0,97368,0
55,TacklesAndInterceptions,2024-10-19 10:34:10.008,28.5,29.26,,,,,0.0,97351,0
56,Pass,2024-10-19 10:34:11.200,27.65,29.89,25.46,26.52,0.0,0.0,0.0,97351,0
57,Pass,2024-10-19 10:34:43.200,21.89,19.9,22.73,34.82,0.0,1.0,97353.0,97358,2024-10-19 10:34:43.200000
58,Pass,2024-10-19 10:34:45.806,28.64,29.9,27.5,23.06,0.0,1.0,97358.0,97353,2024-10-19 10:34:46.010000
59,Shot,2024-10-19 10:34:47.611,27.14,22.09,,,,,0.0,97358,0
60,TacklesAndInterceptions,2024-10-19 10:34:53.804,8.36,15.99,,,,,0.0,97370,0
61,Pass,2024-10-19 10:34:57.210,10.71,16.58,17.27,20.98,1.0,0.0,0.0,97370,0
62,TacklesAndInterceptions,2024-10-19 10:34:57.001,20.83,22.76,,,,,0.0,97351,0
63,Pass,2024-10-19 10:35:07.204,48.51,27.94,42.81,31.97,1.0,1.0,97356.0,97347,2024-10-19 10:35:07.800000
64,Pass,2024-10-19 10:35:10.000,38.95,30.08,30.3,33.98,1.0,0.0,0.0,97356,0
65,TacklesAndInterceptions,2024-10-19 10:35:10.000,28.95,34.13,,,,,0.0,97369,0
66,Pass,2024-10-19 10:35:13.800,36.03,35.9,44.33,41.83,1.0,1.0,97372.0,97369,2024-10-19 10:35:13.800000
67,Pass,2024-10-19 10:35:25.200,89.94,43.52,88.92,32.12,0.0,1.0,97376.0,97372,2024-10-19 10:35:25.405000
68,Pass,2024-10-19 10:35:26.801,89.13,33.3,77.54,29.72,0.0,0.0,0.0,97376,0
69,Pass,2024-10-19 10:35:41.190,45.12,9.15,32.18,35.17,0.0,1.0,97369.0,97370,2024-10-19 10:35:41.204000
70,Pass,2024-10-19 10:35:42.802,32.38,33.86,40.98,34.39,1.0,1.0,97373.0,97369,2024-10-19 10:35:43.201000
71,Pass,2024-10-19 10:35:47.027,41.09,34.61,40.0,9.16,0.0,1.0,97370.0,97373,2024-10-19 10:35:47.201000
72,Pass,2024-10-19 10:35:51.768,44.83,7.52,83.31,-4.23,1.0,0.0,0.0,97370,0
73,Pass,2024-10-19 10:36:12.801,87.14,0.75,69.13,4.96,1.0,1.0,97358.0,97356,2024-10-19 10:36:13.217000
74,Pass,2024-10-19 10:36:15.001,71.8,5.6,68.7,10.69,0.0,0.0,0.0,97358,0
75,TacklesAndInterceptions,2024-10-19 10:36:15.001,69.14,10.21,,,,,0.0,97373,0
76,Pass,2024-10-19 10:36:18.547,66.47,12.06,49.66,31.11,0.0,1.0,96905.0,97373,2024-10-19 10:36:18.603000
77,Pass,2024-10-19 10:36:25.050,53.82,37.7,77.32,61.0,1.0,1.0,97372.0,96905,2024-10-19 10:36:25.202000
78,TacklesAndInterceptions,2024-10-19 10:36:31.800,84.82,46.42,,,,,0.0,97346,0
79,Pass,2024-10-19 10:36:31.948,77.22,63.08,82.8,45.86,0.0,0.0,0.0,97372,0
80,TacklesAndInterceptions,2024-10-19 10:36:43.408,18.41,20.86,,,,,0.0,97370,0
81,Pass,2024-10-19 10:36:43.569,65.25,35.38,18.98,21.3,1.0,0.0,0.0,97346,0
82,Pass,2024-10-19 10:36:50.317,18.31,20.63,32.41,41.06,0.0,1.0,97369.0,97370,2024-10-19 10:36:50.402000
83,Pass,2024-10-19 10:36:56.405,33.66,42.46,37.07,56.53,0.0,1.0,96905.0,97369,2024-10-19 10:36:56.405000
84,Pass,2024-10-19 10:36:55.803,36.59,56.21,59.48,35.55,1.0,0.0,0.0,96905,0
85,Pass,2024-10-19 10:36:57.001,58.44,37.09,53.35,40.28,1.0,1.0,96901.0,97356,2024-10-19 10:36:57.202000
86,Pass,2024-10-19 10:37:04.169,77.16,29.19,85.41,31.83,1.0,0.0,0.0,97376,0
87,Pass,2024-10-19 10:37:16.094,85.36,33.76,22.54,70.99,1.0,0.0,0.0,97346,0
88,Pass,2024-10-19 10:37:55.731,69.37,66.58,22.55,56.59,1.0,1.0,97353.0,97359,2024-10-19 10:37:55.801000
89,Pass,2024-10-19 10:37:56.800,19.58,56.24,14.98,53.57,1.0,0.0,0.0,97353,0
90,Pass,2024-10-19 10:38:02.614,5.87,51.39,-3.83,39.73,0.0,0.0,0.0,97353,0
91,Pass,2024-10-19 10:38:14.300,26.42,14.11,14.84,18.82,1.0,0.0,0.0,96901,0
92,TacklesAndInterceptions,2024-10-19 10:38:14.000,14.87,17.89,,,,,0.0,97370,0
93,Pass,2024-10-19 10:38:20.401,12.97,19.7,68.91,32.74,1.0,0.0,0.0,97370,0
94,TacklesAndInterceptions,2024-10-19 10:38:26.202,78.13,31.07,,,,,0.0,97347,0
95,Pass,2024-10-19 10:38:26.202,85.51,30.47,77.75,30.94,0.0,0.0,0.0,97374,0
96,Pass,2024-10-19 10:38:28.408,72.77,31.15,61.5,28.41,1.0,1.0,96901.0,97347,2024-10-19 10:38:28.408000
97,Pass,2024-10-19 10:38:32.603,61.3,29.29,74.41,-1.32,0.0,0.0,0.0,96901,0
98,Pass,2024-10-19 10:38:48.200,79.09,0.42,91.31,3.41,1.0,0.0,0.0,97368,0
99,Pass,2024-10-19 10:38:49.603,92.02,2.76,92.74,-1.16,0.0,0.0,0.0,97356,0
100,Pass,2024-10-19 10:39:07.207,92.67,0.18,93.82,-4.81,0.0,0.0,0.0,97368,0
101,Pass,2024-10-19 10:39:11.602,87.78,9.78,90.47,16.6,0.0,0.0,0.0,97376,0
102,Pass,2024-10-19 10:39:24.292,35.9,10.24,30.02,17.82,0.0,1.0,97373.0,97370,2024-10-19 10:39:24.405000
103,Pass,2024-10-19 10:39:29.520,29.77,18.48,48.71,63.62,0.0,1.0,96905.0,97373,2024-10-19 10:39:29.609000
104,Pass,2024-10-19 10:39:34.353,51.67,62.54,34.27,28.3,0.0,1.0,97370.0,96905,2024-10-19 10:39:34.411000
105,Pass,2024-10-19 10:39:40.202,39.87,26.86,75.82,43.28,1.0,0.0,0.0,97370,0
106,TacklesAndInterceptions,2024-10-19 10:39:40.202,77.11,39.88,,,,,0.0,97346,0
107,Pass,2024-10-19 10:39:42.613,77.11,39.88,79.74,55.04,0.0,1.0,97359.0,97346,2024-10-19 10:39:42.613000
108,Pass,2024-10-19 10:39:46.495,76.02,61.42,57.84,63.32,1.0,1.0,97353.0,97359,2024-10-19 10:39:46.602000
109,Pass,2024-10-19 10:40:00.004,66.42,62.48,38.28,59.88,0.0,1.0,97369.0,96905,2024-10-19 10:40:00.206000
110,Pass,2024-10-19 10:40:20.330,19.24,61.62,40.45,58.89,0.0,1.0,97346.0,97359,2024-10-19 10:40:20.407000
111,Pass,2024-10-19 10:40:24.803,43.13,59.48,36.79,55.48,1.0,1.0,96901.0,97346,2024-10-19 10:40:25.000000
112,Pass,2024-10-19 10:40:25.803,38.04,56.81,14.69,20.01,0.0,0.0,0.0,96901,0
113,Pass,2024-10-19 10:40:32.817,40.24,50.66,46.0,65.14,0.0,0.0,0.0,96901,0
114,TacklesAndInterceptions,2024-10-19 10:40:32.602,44.97,64.94,,,,,0.0,96905,0
115,Pass,2024-10-19 10:40:42.325,47.72,67.38,41.52,45.98,0.0,1.0,97373.0,96905,2024-10-19 10:40:42.404000
116,Pass,2024-10-19 10:40:45.445,42.08,42.7,36.04,51.57,0.0,1.0,97369.0,97373,2024-10-19 10:40:45.601000
117,Pass,2024-10-19 10:40:48.604,34.85,50.68,37.14,38.95,0.0,1.0,97373.0,97369,2024-10-19 10:40:48.604000
118,Pass,2024-10-19 10:40:51.889,36.81,39.11,72.53,51.84,1.0,0.0,0.0,97373,0
119,TacklesAndInterceptions,2024-10-19 10:40:51.600,73.63,52.24,,,,,0.0,97359,0
120,Pass,2024-10-19 10:40:53.802,73.63,52.24,60.61,50.36,1.0,1.0,97351.0,97359,2024-10-19 10:40:53.802000
121,Pass,2024-10-19 10:40:57.280,61.98,56.28,32.8,57.38,1.0,0.0,0.0,97351,0
122,Pass,2024-10-19 10:40:59.203,30.53,57.68,35.42,57.75,1.0,1.0,97373.0,97369,2024-10-19 10:40:59.203000
123,Pass,2024-10-19 10:41:00.619,38.81,56.18,23.8,66.23,0.0,1.0,97369.0,97373,2024-10-19 10:41:00.809000
124,Pass,2024-10-19 10:41:11.406,27.89,27.8,31.55,18.96,0.0,1.0,97356.0,96901,2024-10-19 10:41:11.600000
125,Pass,2024-10-19 10:41:17.115,33.35,19.22,-3.47,-0.76,1.0,0.0,0.0,97356,0
126,Pass,2024-10-19 10:41:36.196,1.77,1.77,29.09,5.59,1.0,1.0,97376.0,97368,2024-10-19 10:41:36.201000
127,Pass,2024-10-19 10:41:53.314,29.66,5.52,19.57,40.81,0.0,1.0,97369.0,97376,2024-10-19 10:41:53.413000
128,Pass,2024-10-19 10:41:57.597,22.57,43.09,39.29,61.6,0.0,1.0,96905.0,97369,2024-10-19 10:41:57.601000
129,Pass,2024-10-19 10:42:05.962,39.76,62.81,70.21,60.96,1.0,0.0,0.0,96905,0
130,Pass,2024-10-19 10:42:10.812,59.26,53.3,66.31,43.57,0.0,0.0,0.0,96905,0
131,TacklesAndInterceptions,2024-10-19 10:42:10.812,68.54,43.93,,,,,0.0,97347,0
132,Pass,2024-10-19 10:42:11.601,66.14,43.71,62.81,42.25,1.0,1.0,97351.0,97347,2024-10-19 10:42:11.803000
133,Pass,2024-10-19 10:42:13.817,63.42,44.85,53.37,34.9,1.0,1.0,97358.0,97351,2024-10-19 10:42:14.001000
134,Pass,2024-10-19 10:42:15.881,57.95,30.44,37.28,44.3,1.0,1.0,97355.0,97358,2024-10-19 10:42:32.807000
135,Pass,2024-10-19 10:42:33.694,11.39,48.95,33.72,47.33,0.0,0.0,0.0,97355,0
136,TacklesAndInterceptions,2024-10-19 10:42:33.606,33.76,47.58,,,,,0.0,97369,0
137,Pass,2024-10-19 10:42:40.805,34.47,47.59,40.48,58.87,0.0,1.0,96905.0,97369,2024-10-19 10:42:40.807000
138,Pass,2024-10-19 10:42:43.000,42.46,61.14,31.99,52.13,0.0,1.0,97369.0,96905,2024-10-19 10:42:43.201000
139,Pass,2024-10-19 10:42:59.633,31.66,52.38,97.99,33.15,1.0,0.0,0.0,97369,0
140,TacklesAndInterceptions,2024-10-19 10:42:59.404,97.56,43.24,,,,,0.0,97347,0
141,Pass,2024-10-19 10:43:08.739,97.56,43.24,94.67,0.65,0.0,1.0,97352.0,97347,2024-10-19 10:43:08.801000
142,Pass,2024-10-19 10:43:21.201,87.92,0.62,69.12,6.48,1.0,0.0,0.0,97356,0
143,TacklesAndInterceptions,2024-10-19 10:43:21.201,69.62,6.69,,,,,0.0,97370,0
144,Pass,2024-10-19 10:43:22.405,69.31,6.78,62.46,5.4,0.0,1.0,97369.0,97370,2024-10-19 10:43:22.602000
145,Pass,2024-10-19 10:43:24.003,63.08,3.49,66.96,-1.02,0.0,0.0,0.0,97369,0
146,Pass,2024-10-19 10:43:40.201,59.96,0.67,43.03,4.45,1.0,1.0,96901.0,97356,2024-10-19 10:43:40.201000
147,Pass,2024-10-19 10:43:50.081,43.49,5.04,35.54,-2.28,1.0,0.0,0.0,96901,0
148,Pass,2024-10-19 10:44:15.097,43.25,0.66,38.75,37.42,0.0,1.0,97369.0,97368,2024-10-19 10:44:15.205000
149,TacklesAndInterceptions,2024-10-19 10:44:17.608,29.47,20.47,,,,,0.0,97358,0
150,Pass,2024-10-19 10:44:17.715,39.35,40.54,28.47,20.63,0.0,0.0,0.0,97369,0
151,Pass,2024-10-19 10:44:24.400,25.79,18.43,11.81,10.3,1.0,1.0,97352.0,97358,2024-10-19 10:44:24.603000
152,Pass,2024-10-19 10:44:26.384,12.13,10.36,8.09,46.21,0.0,1.0,97353.0,97352,2024-10-19 10:44:26.400000
153,Pass,2024-10-19 10:44:28.002,8.26,46.68,-1.31,53.86,1.0,0.0,0.0,97353,0
154,Pass,2024-10-19 10:44:42.601,4.96,42.94,-1.25,35.17,0.0,0.0,0.0,97369,0
155,Pass,2024-10-19 10:45:30.001,28.86,63.6,16.12,58.11,1.0,1.0,97355.0,97346,2024-10-19 10:45:30.001000
156,Pass,2024-10-19 10:45:34.952,13.15,55.48,42.17,45.86,0.0,1.0,97347.0,97355,2024-10-19 10:45:35.003000
157,Pass,2024-10-19 10:45:40.205,38.25,36.48,26.72,11.35,0.0,1.0,97352.0,97347,2024-10-19 10:45:40.205000
158,Pass,2024-10-19 10:45:49.608,11.13,11.48,5.35,23.47,0.0,1.0,97355.0,97352,2024-10-19 10:45:49.608000
159,Pass,2024-10-19 10:45:48.005,5.0,23.93,7.98,24.02,0.0,1.0,96901.0,97355,2024-10-19 10:45:48.005000
160,Shot,2024-10-19 10:45:48.005,9.59,22.83,,,,,0.0,96901,0
161,Pass,2024-10-19 10:46:22.782,-2.59,0.09,24.35,33.51,0.0,0.0,0.0,97353,0
162,Pass,2024-10-19 10:46:24.205,24.91,33.66,28.37,36.07,0.0,1.0,97358.0,97351,2024-10-19 10:46:24.426000
163,Pass,2024-10-19 10:46:59.041,32.08,33.56,36.51,68.35,0.0,0.0,0.0,96901,0
164,Pass,2024-10-19 10:47:22.455,78.42,3.44,58.22,25.42,0.0,1.0,97373.0,97368,2024-10-19 10:47:22.601000
165,Pass,2024-10-19 10:47:25.804,58.47,26.01,50.47,-1.22,0.0,0.0,0.0,97373,0
166,Pass,2024-10-19 10:47:39.403,53.92,0.33,56.7,5.26,0.0,0.0,0.0,97368,0
167,Pass,2024-10-19 10:48:01.312,83.22,50.88,73.52,32.63,0.0,0.0,0.0,96905,0
168,Pass,2024-10-19 10:48:14.413,32.84,29.22,8.66,43.63,0.0,1.0,97369.0,97370,2024-10-19 10:48:14.617000
169,Pass,2024-10-19 10:48:19.201,22.94,54.5,32.83,64.84,0.0,1.0,96905.0,97369,2024-10-19 10:48:19.403000
170,TacklesAndInterceptions,2024-10-19 10:48:22.042,49.09,39.02,,,,,0.0,97356,0
171,Pass,2024-10-19 10:48:22.042,32.73,65.07,49.24,39.55,0.0,0.0,0.0,96905,0
172,Pass,2024-10-19 10:48:26.841,46.38,40.25,40.05,31.67,0.0,1.0,97358.0,97356,2024-10-19 10:48:27.009000
173,Pass,2024-10-19 10:48:30.400,35.12,38.74,33.36,43.99,0.0,0.0,0.0,97358,0
174,Pass,2024-10-19 10:48:35.015,31.76,47.49,27.27,58.86,0.0,1.0,97359.0,97358,2024-10-19 10:48:36.611000
175,Pass,2024-10-19 10:48:42.700,28.58,58.57,27.65,12.18,0.0,1.0,97352.0,97359,2024-10-19 10:48:42.808000
176,Pass,2024-10-19 10:48:48.002,28.2,12.32,32.37,24.53,0.0,1.0,97358.0,97352,2024-10-19 10:48:48.602000
177,Pass,2024-10-19 10:48:54.079,32.73,26.88,9.31,52.87,0.0,0.0,0.0,97358,0
178,Pass,2024-10-19 10:48:56.298,12.14,52.9,3.26,45.36,0.0,1.0,97369.0,96905,2024-10-19 10:48:56.402000
179,Pass,2024-10-19 10:48:58.016,3.42,42.46,5.17,50.94,0.0,1.0,96905.0,97369,2024-10-19 10:48:58.016000
180,Pass,2024-10-19 10:49:29.121,23.1,4.38,75.84,13.85,0.0,1.0,97347.0,97352,2024-10-19 10:49:29.203000
181,TacklesAndInterceptions,2024-10-19 10:49:31.400,84.74,3.04,,,,,0.0,97374,0
182,Pass,2024-10-19 10:49:33.604,84.74,3.04,67.29,13.86,0.0,1.0,97376.0,97374,2024-10-19 10:49:33.604000
183,Pass,2024-10-19 10:49:37.401,69.29,11.98,61.78,24.97,0.0,1.0,97373.0,97376,2024-10-19 10:49:37.401000
184,Pass,2024-10-19 10:50:27.181,61.09,26.5,41.77,39.36,0.0,1.0,96905.0,97373,2024-10-19 10:50:27.209000
185,Pass,2024-10-19 10:50:31.402,40.11,43.58,43.06,30.44,0.0,0.0,0.0,96905,0
186,Pass,2024-10-19 10:50:41.000,38.94,61.16,71.24,47.97,1.0,0.0,0.0,96905,0
187,TacklesAndInterceptions,2024-10-19 10:50:41.202,72.0,49.58,,,,,0.0,97346,0
188,Pass,2024-10-19 10:50:59.547,73.09,45.56,25.44,9.23,1.0,1.0,97352.0,97346,2024-10-19 10:50:59.605000
189,Pass,2024-10-19 10:51:01.613,25.29,12.41,16.57,13.92,1.0,1.0,97355.0,97352,2024-10-19 10:51:01.801000
190,Pass,2024-10-19 10:51:08.309,3.22,11.95,15.7,8.55,0.0,1.0,97355.0,97352,2024-10-19 10:51:08.402000
191,Pass,2024-10-19 10:51:17.329,13.72,8.6,22.81,40.28,0.0,1.0,97353.0,97355,2024-10-19 10:51:17.414000
192,Pass,2024-10-19 10:51:18.019,19.89,43.69,28.73,36.51,0.0,1.0,97358.0,97353,2024-10-19 10:51:18.200000
193,Pass,2024-10-19 10:51:20.494,28.45,36.16,24.51,44.05,0.0,0.0,0.0,97358,0
194,Pass,2024-10-19 10:52:49.417,30.09,29.75,27.46,-1.23,0.0,0.0,0.0,97347,0
195,Pass,2024-10-19 10:53:07.401,30.85,2.55,22.34,2.74,0.0,1.0,97370.0,97368,2024-10-19 10:53:07.401000
196,Pass,2024-10-19 10:53:14.401,50.02,28.53,18.87,40.59,1.0,0.0,0.0,97347,0
197,TacklesAndInterceptions,2024-10-19 10:53:14.401,19.25,38.93,,,,,0.0,97369,0
198,Pass,2024-10-19 10:53:21.806,2.51,18.48,24.49,-1.25,1.0,0.0,0.0,97368,0
199,Pass,2024-10-19 10:53:31.800,31.81,0.81,29.68,11.84,0.0,1.0,97351.0,97356,2024-10-19 10:53:32.003000
200,Pass,2024-10-19 10:53:33.006,29.01,16.31,19.67,13.89,1.0,1.0,96901.0,97351,2024-10-19 10:53:33.201000
201,Pass,2024-10-19 10:53:36.004,19.7,14.83,4.84,21.69,1.0,0.0,0.0,96901,0
202,Pass,2024-10-19 10:54:00.961,0.73,23.34,40.38,54.37,0.0,1.0,97356.0,97355,2024-10-19 10:54:01.006000
203,Pass,2024-10-19 10:54:25.278,40.48,53.03,76.13,68.88,0.0,0.0,0.0,97356,0
204,Pass,2024-10-19 10:55:02.600,14.48,42.5,33.46,55.12,0.0,0.0,0.0,97355,0
205,Pass,2024-10-19 10:55:22.376,39.34,61.27,-1.35,31.25,1.0,0.0,0.0,97353,0
206,Pass,2024-10-19 10:56:02.301,18.96,33.23,64.25,57.33,0.0,0.0,0.0,97355,0
207,TacklesAndInterceptions,2024-10-19 10:56:02.008,64.25,58.23,,,,,0.0,96905,0
208,Pass,2024-10-19 10:56:04.403,64.29,57.77,78.52,41.92,0.0,1.0,97376.0,96905,2024-10-19 10:56:04.602000
209,Pass,2024-10-19 10:56:05.401,78.37,41.06,80.49,48.46,0.0,0.0,0.0,97376,0
210,TacklesAndInterceptions,2024-10-19 10:56:05.401,81.71,48.57,,,,,0.0,97346,0
211,Pass,2024-10-19 10:56:08.404,82.83,48.72,77.66,43.52,1.0,1.0,96901.0,97346,2024-10-19 10:56:08.404000
212,Pass,2024-10-19 10:56:11.968,71.36,39.08,71.16,8.9,0.0,1.0,97358.0,96901,2024-10-19 10:56:12.001000
213,TacklesAndInterceptions,2024-10-19 10:56:13.400,72.87,2.9,,,,,0.0,97368,0
214,Pass,2024-10-19 10:56:20.829,72.87,2.9,38.86,9.8,0.0,1.0,97370.0,97368,2024-10-19 10:56:22.403000
215,Pass,2024-10-19 10:56:22.608,39.19,4.8,33.94,27.44,0.0,1.0,97369.0,97370,2024-10-19 10:56:22.806000
216,Pass,2024-10-19 10:56:27.678,40.97,29.4,62.36,35.78,1.0,0.0,0.0,97369,0
217,Pass,2024-10-19 10:56:28.602,61.27,37.42,68.7,34.85,0.0,1.0,97347.0,97346,2024-10-19 10:56:28.602000
218,Pass,2024-10-19 10:56:41.173,29.6,56.47,16.4,18.99,0.0,1.0,97370.0,96905,2024-10-19 10:56:41.202000
219,Pass,2024-10-19 10:56:46.205,16.79,18.84,33.65,6.88,1.0,0.0,0.0,97370,0
220,Pass,2024-10-19 10:56:54.805,41.59,5.87,33.09,11.6,1.0,1.0,97355.0,97351,2024-10-19 10:56:54.805000
221,Pass,2024-10-19 10:56:59.605,26.72,18.57,25.55,10.18,0.0,1.0,97368.0,97370,2024-10-19 10:56:59.801000
222,Pass,2024-10-19 10:57:05.601,29.58,3.28,35.27,-1.06,1.0,0.0,0.0,97368,0
223,Pass,2024-10-19 10:57:16.801,33.63,0.8,21.08,11.39,1.0,1.0,97358.0,97356,2024-10-19 10:57:16.801000
224,TacklesAndInterceptions,2024-10-19 10:57:19.801,27.5,12.83,,,,,0.0,97372,0
225,Pass,2024-10-19 10:57:19.990,20.26,11.5,28.25,12.36,0.0,0.0,0.0,97358,0
226,Pass,2024-10-19 10:57:23.001,34.32,-0.27,39.9,1.83,1.0,0.0,0.0,97372,0
227,TacklesAndInterceptions,2024-10-19 10:57:23.001,38.61,1.7,,,,,0.0,97352,0
228,Pass,2024-10-19 10:57:26.233,43.71,0.0,58.81,2.35,0.0,1.0,97347.0,97352,2024-10-19 10:57:26.401000
229,Pass,2024-10-19 10:57:34.893,69.16,6.16,45.6,-1.09,1.0,0.0,0.0,97347,0
230,TacklesAndInterceptions,2024-10-19 10:57:51.810,34.81,7.84,,,,,0.0,96901,0
231,Pass,2024-10-19 10:57:52.002,50.38,0.45,35.01,10.85,0.0,0.0,0.0,97368,0
232,Pass,2024-10-19 10:57:53.973,33.33,7.3,35.16,16.72,0.0,1.0,97358.0,96901,2024-10-19 10:57:54.001000
233,Pass,2024-10-19 10:57:59.202,37.73,22.11,47.9,29.06,0.0,1.0,97346.0,97358,2024-10-19 10:57:59.202000
234,Pass,2024-10-19 10:57:57.601,48.81,30.21,44.11,23.1,0.0,1.0,97351.0,97346,2024-10-19 10:57:58.003000
235,Pass,2024-10-19 10:58:02.031,40.2,22.01,25.38,2.88,0.0,1.0,97352.0,97351,2024-10-19 10:58:02.201000
236,Pass,2024-10-19 10:58:08.617,23.05,4.32,14.85,41.5,0.0,0.0,0.0,97352,0
237,Pass,2024-10-19 10:58:14.819,33.31,21.06,28.79,4.12,0.0,1.0,97352.0,97346,2024-10-19 10:58:15.007000
238,Pass,2024-10-19 10:58:17.335,29.18,3.88,31.02,14.81,0.0,1.0,97346.0,97352,2024-10-19 10:58:17.601000
239,Pass,2024-10-19 10:58:32.290,25.1,22.49,54.52,40.96,0.0,1.0,97359.0,97346,2024-10-19 10:58:32.404000
240,Pass,2024-10-19 10:58:34.403,54.3,40.64,46.05,35.93,1.0,0.0,0.0,97359,0
241,Pass,2024-10-19 10:59:24.200,28.48,11.39,45.1,1.6,0.0,0.0,0.0,97351,0
242,Pass,2024-10-19 10:59:27.600,46.21,1.12,42.24,-1.74,0.0,0.0,0.0,97368,0
243,Pass,2024-10-19 10:59:31.805,45.16,-0.79,47.18,1.21,0.0,1.0,97356.0,97352,2024-10-19 10:59:32.001000
244,TacklesAndInterceptions,2024-10-19 10:59:35.602,31.08,9.87,,,,,0.0,97370,0
245,Pass,2024-10-19 10:59:35.602,43.54,0.73,31.26,9.97,1.0,0.0,0.0,97356,0
246,Pass,2024-10-19 10:59:39.208,32.95,13.1,37.08,18.17,0.0,1.0,97373.0,97370,2024-10-19 10:59:39.208000
247,Pass,2024-10-19 10:59:43.482,38.81,15.01,30.43,2.19,0.0,1.0,97352.0,96901,2024-10-19 10:59:43.604000
248,TacklesAndInterceptions,2024-10-19 10:59:47.400,16.76,17.62,,,,,0.0,97373,0
249,Pass,2024-10-19 10:59:48.200,20.27,7.16,18.14,14.94,0.0,0.0,0.0,97352,0
250,Pass,2024-10-19 10:59:53.001,16.76,17.62,24.75,0.65,0.0,1.0,97376.0,97373,2024-10-19 10:59:53.001000
251,Pass,2024-10-19 10:59:54.759,22.49,4.05,11.6,28.29,0.0,1.0,97369.0,97376,2024-10-19 10:59:54.800000
252,Pass,2024-10-19 10:59:58.537,12.52,32.99,24.26,68.79,0.0,0.0,0.0,97369,0
253,Pass,2024-10-19 11:01:36.614,17.68,58.0,39.56,57.43,0.0,1.0,97359.0,97355,2024-10-19 11:01:36.805000
254,Pass,2024-10-19 11:01:38.025,43.99,55.09,25.3,68.69,1.0,0.0,0.0,97359,0
255,TacklesAndInterceptions,2024-10-19 11:02:01.611,51.28,18.61,,,,,0.0,97356,0
256,Pass,2024-10-19 11:02:02.406,28.31,21.03,50.06,18.4,1.0,0.0,0.0,97370,0
257,Pass,2024-10-19 11:02:13.169,44.07,15.45,-1.62,34.88,1.0,0.0,0.0,97356,0
258,Pass,2024-10-19 11:02:56.805,12.56,25.74,31.14,-1.6,0.0,0.0,0.0,97370,0
259,Pass,2024-10-19 11:03:09.401,23.31,2.25,18.48,4.71,1.0,0.0,0.0,97352,0
260,TacklesAndInterceptions,2024-10-19 11:03:09.401,18.44,3.44,,,,,0.0,97368,0
261,Pass,2024-10-19 11:03:12.405,23.77,12.74,27.11,9.38,0.0,1.0,97351.0,97358,2024-10-19 11:03:12.405000
262,Pass,2024-10-19 11:03:15.956,31.64,7.42,46.81,3.08,1.0,1.0,97368.0,97376,2024-10-19 11:03:18.600000
263,Pass,2024-10-19 11:03:18.809,41.28,1.25,78.28,16.14,1.0,1.0,97375.0,97368,2024-10-19 11:03:18.809000
264,Pass,2024-10-19 11:03:23.602,91.31,9.71,86.81,18.89,0.0,0.0,0.0,97375,0
265,Pass,2024-10-19 11:03:30.484,87.2,18.92,82.36,54.95,0.0,1.0,97359.0,97356,2024-10-19 11:03:30.602000
266,Pass,2024-10-19 11:04:24.427,78.39,49.03,92.77,36.76,1.0,0.0,0.0,97376,0
267,TacklesAndInterceptions,2024-10-19 11:04:24.203,92.58,37.36,,,,,0.0,97347,0
268,Pass,2024-10-19 11:04:40.438,93.17,17.95,53.41,32.76,1.0,0.0,0.0,97347,0
269,Pass,2024-10-19 11:04:41.404,52.49,33.58,59.31,32.1,1.0,1.0,97373.0,97369,2024-10-19 11:04:41.601000
270,Pass,2024-10-19 11:04:43.603,61.34,31.88,66.49,33.94,0.0,1.0,96901.0,97351,2024-10-19 11:04:43.603000
271,Pass,2024-10-19 11:04:48.342,66.68,33.15,58.83,4.84,0.0,1.0,97352.0,96901,2024-10-19 11:04:48.402000
272,Pass,2024-10-19 11:04:51.402,63.37,5.99,68.73,23.36,0.0,1.0,97347.0,97352,2024-10-19 11:04:51.604000
273,Pass,2024-10-19 11:04:58.060,68.23,25.72,40.88,68.77,0.0,0.0,0.0,97347,0
274,Pass,2024-10-19 11:05:32.602,78.21,0.47,60.86,3.6,1.0,1.0,97358.0,97356,2024-10-19 11:05:32.602000
275,Pass,2024-10-19 11:05:35.802,63.53,6.91,63.98,9.7,0.0,1.0,97355.0,97358,2024-10-19 11:05:36.006000
276,TacklesAndInterceptions,2024-10-19 11:05:37.406,62.99,16.28,,,,,0.0,97372,0
277,Pass,2024-10-19 11:05:37.214,61.86,9.09,62.81,19.94,0.0,0.0,0.0,97355,0
278,Pass,2024-10-19 11:05:54.406,76.44,48.61,78.68,50.16,1.0,1.0,97376.0,97373,2024-10-19 11:05:54.406000
279,Pass,2024-10-19 11:06:17.006,79.9,54.94,106.55,16.9,0.0,0.0,0.0,97376,0
280,Pass,2024-10-19 11:06:33.772,98.12,24.86,84.83,54.11,0.0,1.0,97346.0,97347,2024-10-19 11:06:33.801000
281,Pass,2024-10-19 11:06:35.003,87.01,55.96,53.84,47.64,1.0,1.0,97355.0,97346,2024-10-19 11:06:35.003000
282,Pass,2024-10-19 11:06:38.201,47.9,56.17,43.59,64.36,0.0,1.0,97353.0,97355,2024-10-19 11:06:38.201000
283,TacklesAndInterceptions,2024-10-19 11:06:47.201,29.64,27.84,,,,,0.0,97376,0
284,Pass,2024-10-19 11:06:49.403,21.18,52.1,24.87,29.91,0.0,0.0,0.0,97353,0
285,Pass,2024-10-19 11:07:02.600,87.5,51.99,82.25,36.84,0.0,1.0,97358.0,97346,2024-10-19 11:07:05.605000
286,Pass,2024-10-19 11:08:16.402,51.65,61.05,57.31,51.32,0.0,1.0,97372.0,97373,2024-10-19 11:08:16.402000
287,Pass,2024-10-19 11:08:18.203,57.46,53.36,51.34,59.13,0.0,1.0,97373.0,97372,2024-10-19 11:08:18.400000
288,Pass,2024-10-19 11:08:19.802,51.4,60.27,55.46,55.8,0.0,1.0,97372.0,97373,2024-10-19 11:08:20.004000
289,Pass,2024-10-19 11:08:34.609,55.85,56.01,49.64,68.05,0.0,0.0,0.0,97372,0
290,Pass,2024-10-19 11:08:54.143,58.91,57.95,70.85,-2.53,0.0,0.0,0.0,97351,0
291,Pass,2024-10-19 11:09:01.406,65.62,23.5,72.86,16.5,1.0,0.0,0.0,97370,0
292,Pass,2024-10-19 11:09:04.010,76.09,20.42,61.83,-3.09,0.0,0.0,0.0,97356,0
293,Pass,2024-10-19 11:09:14.601,55.6,0.15,57.08,3.82,0.0,0.0,0.0,97368,0
294,Pass,2024-10-19 11:09:15.800,56.38,0.77,58.69,-1.39,1.0,0.0,0.0,97368,0
295,Pass,2024-10-19 11:09:24.201,64.67,0.3,68.02,10.62,0.0,1.0,97374.0,97368,2024-10-19 11:09:24.201000
296,Pass,2024-10-19 11:09:28.203,69.96,17.02,64.67,21.43,0.0,0.0,0.0,97374,0
297,TacklesAndInterceptions,2024-10-19 11:09:28.203,66.12,22.06,,,,,0.0,97356,0
298,Pass,2024-10-19 11:09:33.809,64.71,21.36,64.34,18.41,0.0,1.0,97358.0,97356,2024-10-19 11:09:34.205000
299,Pass,2024-10-19 11:09:35.800,65.42,18.62,62.03,28.94,0.0,0.0,0.0,97358,0
300,TacklesAndInterceptions,2024-10-19 11:09:35.800,61.43,28.96,,,,,0.0,97373,0
301,TacklesAndInterceptions,2024-10-19 11:09:43.808,63.36,23.91,,,,,0.0,97355,0
302,Pass,2024-10-19 11:09:46.000,60.25,32.94,64.42,21.69,0.0,0.0,0.0,97373,0
303,Pass,2024-10-19 11:09:48.002,62.75,23.9,60.61,34.0,0.0,0.0,0.0,97355,0
304,Pass,2024-10-19 11:09:53.396,60.14,33.76,72.08,69.27,0.0,0.0,0.0,97373,0
305,Pass,2024-10-19 11:10:04.181,45.1,50.29,45.56,27.43,0.0,1.0,97370.0,97369,2024-10-19 11:10:04.217000
306,Pass,2024-10-19 11:10:11.407,50.1,27.69,83.61,29.12,1.0,1.0,97374.0,97370,2024-10-19 11:10:11.407000
307,TacklesAndInterceptions,2024-10-19 11:10:13.202,77.91,22.07,,,,,0.0,97356,0
308,Pass,2024-10-19 11:10:13.190,88.27,34.24,77.12,21.45,0.0,0.0,0.0,97374,0
309,TacklesAndInterceptions,2024-10-19 11:10:18.206,20.76,14.17,,,,,0.0,97370,0
310,Pass,2024-10-19 11:10:18.327,71.27,16.58,18.69,13.35,1.0,0.0,0.0,97356,0
311,Pass,2024-10-19 11:10:22.006,7.72,23.07,8.68,22.04,0.0,1.0,97368.0,97370,2024-10-19 11:10:22.006000
312,Pass,2024-10-19 11:10:22.402,8.11,20.16,9.42,21.64,0.0,0.0,0.0,97368,0
313,TacklesAndInterceptions,2024-10-19 11:10:22.402,8.36,22.86,,,,,0.0,97358,0
314,Pass,2024-10-19 11:10:42.242,12.48,20.16,40.43,-0.2,0.0,0.0,0.0,97358,0
315,TacklesAndInterceptions,2024-10-19 11:10:42.008,39.23,0.0,,,,,0.0,97368,0
316,Pass,2024-10-19 11:10:51.801,42.78,0.05,50.9,5.51,1.0,1.0,97376.0,97368,2024-10-19 11:10:51.801000
317,Pass,2024-10-19 11:10:54.418,49.63,6.71,41.82,5.4,0.0,0.0,0.0,97376,0
318,Pass,2024-10-19 11:11:02.802,37.69,2.18,40.44,-1.29,0.0,0.0,0.0,96901,0
319,Pass,2024-10-19 11:11:10.428,42.63,0.02,28.39,7.3,1.0,0.0,0.0,97356,0
320,TacklesAndInterceptions,2024-10-19 11:11:10.209,28.56,7.19,,,,,0.0,97373,0
321,Pass,2024-10-19 11:11:21.602,37.19,12.68,30.2,8.35,0.0,1.0,97368.0,97376,2024-10-19 11:11:21.806000
322,Pass,2024-10-19 11:11:24.816,29.04,8.92,34.31,11.19,1.0,0.0,0.0,97368,0
323,Pass,2024-10-19 11:11:43.619,45.07,1.46,31.55,26.97,0.0,1.0,97369.0,97376,2024-10-19 11:11:43.807000
324,Pass,2024-10-19 11:11:47.285,35.04,31.53,51.58,40.7,1.0,0.0,0.0,97369,0
325,Pass,2024-10-19 11:11:57.612,68.33,64.39,91.95,15.53,0.0,1.0,97376.0,96905,2024-10-19 11:11:57.800000
326,Pass,2024-10-19 11:12:05.015,98.57,20.13,94.14,20.72,0.0,1.0,97372.0,97376,2024-10-19 11:12:05.208000
327,Pass,2024-10-19 11:12:12.007,94.01,20.3,98.13,19.91,1.0,1.0,97376.0,97372,2024-10-19 11:12:12.007000
328,Pass,2024-10-19 11:12:16.848,98.35,18.78,94.27,25.44,0.0,1.0,97374.0,97376,2024-10-19 11:12:17.000000
329,Shot,2024-10-19 11:12:28.800,91.01,34.94,,,,,0.0,97374,0
330,Pass,2024-10-19 11:13:20.593,88.37,36.23,104.76,38.19,1.0,0.0,0.0,97374,0
331,Pass,2024-10-19 11:13:28.013,98.27,24.18,73.8,27.2,0.0,1.0,97370.0,97374,2024-10-19 11:13:28.013000
332,Pass,2024-10-19 11:13:36.801,72.36,34.92,59.56,33.58,1.0,1.0,97355.0,97351,2024-10-19 11:13:36.815000
333,Pass,2024-10-19 11:14:03.205,51.06,33.85,64.68,46.47,0.0,1.0,97346.0,97355,2024-10-19 11:14:03.205000
334,Pass,2024-10-19 11:14:10.837,66.11,47.64,69.25,32.85,0.0,1.0,97347.0,97346,2024-10-19 11:31:20.826000
335,Pass,2024-10-19 11:31:21.225,47.58,30.28,78.39,34.15,1.0,1.0,97373.0,97374,2024-10-19 11:31:21.421000
336,TacklesAndInterceptions,2024-10-19 11:31:30.422,32.85,38.65,,,,,0.0,97356,0
337,Pass,2024-10-19 11:31:30.580,69.34,32.86,33.4,38.05,0.0,0.0,0.0,97373,0
338,Pass,2024-10-19 11:31:36.975,31.31,48.73,55.81,41.36,0.0,1.0,97355.0,97356,2024-10-19 11:31:37.023000
339,Pass,2024-10-19 11:31:41.508,58.68,30.51,77.84,10.59,0.0,1.0,97353.0,97355,2024-10-19 11:31:41.632000
340,TacklesAndInterceptions,2024-10-19 11:31:50.237,70.52,14.53,,,,,0.0,97375,0
341,Pass,2024-10-19 11:31:50.467,82.69,24.19,70.53,14.47,1.0,0.0,0.0,97353,0
342,Pass,2024-10-19 11:31:51.822,66.65,11.4,91.59,-4.75,1.0,0.0,0.0,97375,0
343,Pass,2024-10-19 11:32:00.622,60.0,0.93,69.22,3.86,1.0,1.0,97373.0,96905,2024-10-19 11:32:00.822000
344,Pass,2024-10-19 11:32:08.240,74.27,10.41,59.3,11.74,0.0,0.0,0.0,97373,0
345,Pass,2024-10-19 11:32:56.221,4.28,6.98,67.23,5.36,1.0,1.0,96905.0,97375,2024-10-19 11:32:56.228000
346,Pass,2024-10-19 11:32:59.026,75.43,3.01,81.82,-1.7,1.0,0.0,0.0,96905,0
347,TacklesAndInterceptions,2024-10-19 11:33:32.022,68.16,3.61,,,,,0.0,96901,0
348,Pass,2024-10-19 11:33:32.022,85.88,1.08,68.66,3.37,0.0,0.0,0.0,96905,0
349,Pass,2024-10-19 11:33:35.798,68.16,3.61,73.42,15.18,0.0,1.0,97358.0,96901,2024-10-19 11:33:35.822000
350,Pass,2024-10-19 11:33:47.422,35.08,10.7,69.61,16.78,0.0,1.0,97355.0,97347,2024-10-19 11:33:47.422000
351,Pass,2024-10-19 11:33:50.622,69.28,16.93,69.57,6.94,0.0,1.0,97359.0,97355,2024-10-19 11:33:50.622000
352,Pass,2024-10-19 11:33:54.026,68.79,7.76,74.72,-1.36,0.0,0.0,0.0,97359,0
353,Pass,2024-10-19 11:34:27.498,68.9,5.58,63.74,36.84,0.0,0.0,0.0,97353,0
354,TacklesAndInterceptions,2024-10-19 11:34:27.224,64.71,36.15,,,,,0.0,97372,0
355,Pass,2024-10-19 11:34:28.435,64.71,36.15,62.14,44.95,0.0,1.0,97376.0,97372,2024-10-19 11:34:28.435000
356,Pass,2024-10-19 11:34:55.996,53.71,47.31,35.75,68.32,0.0,0.0,0.0,97376,0
357,Pass,2024-10-19 11:35:04.159,29.88,58.77,30.63,52.86,0.0,0.0,0.0,97376,0
358,TacklesAndInterceptions,2024-10-19 11:35:20.632,30.72,52.87,,,,,0.0,97356,0
359,Pass,2024-10-19 11:35:20.422,34.9,46.21,30.94,53.3,0.0,0.0,0.0,97372,0
360,Pass,2024-10-19 11:35:30.622,31.38,55.25,31.67,52.53,0.0,1.0,97347.0,97356,2024-10-19 11:35:30.622000
361,Pass,2024-10-19 11:36:05.886,30.56,52.15,105.13,34.52,0.0,0.0,0.0,97347,0
362,Pass,2024-10-19 11:36:17.962,86.94,26.96,61.2,55.68,0.0,1.0,97368.0,97369,2024-10-19 11:36:18.021000
363,Pass,2024-10-19 11:36:35.241,54.38,57.69,53.81,32.51,0.0,1.0,97373.0,97368,2024-10-19 11:36:36.023000
364,Pass,2024-10-19 11:36:36.750,56.85,32.82,39.49,30.1,0.0,1.0,97372.0,97373,2024-10-19 11:36:36.826000
365,Pass,2024-10-19 11:36:37.222,41.47,32.46,34.55,28.86,0.0,1.0,97375.0,97372,2024-10-19 11:36:37.440000
366,Pass,2024-10-19 11:36:37.626,34.86,27.42,33.03,28.58,0.0,0.0,0.0,97375,0
367,Pass,2024-10-19 11:36:47.032,39.07,9.4,41.3,2.25,0.0,0.0,0.0,97375,0
368,Pass,2024-10-19 11:36:53.825,39.95,2.85,7.35,-1.02,1.0,0.0,0.0,97359,0
369,Pass,2024-10-19 11:37:04.026,32.66,7.02,18.2,4.56,1.0,1.0,97346.0,97359,2024-10-19 11:37:04.026000
370,Pass,2024-10-19 11:37:10.282,17.36,8.8,27.16,45.68,0.0,1.0,97347.0,97346,2024-10-19 11:37:10.427000
371,Pass,2024-10-19 11:37:11.222,27.37,46.71,45.01,50.24,0.0,1.0,97358.0,97347,2024-10-19 11:37:11.421000
372,Pass,2024-10-19 11:37:12.427,45.41,50.13,45.55,54.53,0.0,0.0,0.0,97358,0
373,Pass,2024-10-19 11:37:22.565,69.37,42.2,106.72,14.28,0.0,0.0,0.0,97358,0
374,Pass,2024-10-19 11:37:47.236,97.85,24.44,62.34,56.95,0.0,1.0,97368.0,97369,2024-10-19 11:37:47.421000
375,Pass,2024-10-19 11:37:47.945,63.06,57.93,58.22,52.4,0.0,1.0,97378.0,97368,2024-10-19 11:37:48.033000
376,Pass,2024-10-19 11:37:50.624,62.33,51.09,68.46,32.21,0.0,1.0,97369.0,97378,2024-10-19 11:37:50.624000
377,Pass,2024-10-19 11:38:05.059,64.54,27.74,53.81,19.55,0.0,1.0,97378.0,97369,2024-10-19 11:38:05.221000
378,Pass,2024-10-19 11:38:05.221,50.24,22.55,54.67,20.22,1.0,1.0,97373.0,97378,2024-10-19 11:38:05.425000
379,Pass,2024-10-19 11:38:08.080,55.19,21.78,62.81,35.33,0.0,1.0,97370.0,97373,2024-10-19 11:38:08.221000
380,Pass,2024-10-19 11:38:10.031,62.4,36.14,42.61,42.3,0.0,1.0,97376.0,97370,2024-10-19 11:38:10.235000
381,Pass,2024-10-19 11:38:14.427,42.7,42.12,55.48,69.66,0.0,0.0,0.0,97376,0
382,Pass,2024-10-19 11:38:40.558,80.36,56.91,92.44,28.61,0.0,1.0,97369.0,97370,2024-10-19 11:38:40.626000
383,Pass,2024-10-19 11:38:47.908,79.78,16.17,52.92,59.34,0.0,1.0,97376.0,97369,2024-10-19 11:38:48.044000
384,Pass,2024-10-19 11:39:04.573,29.05,63.22,39.55,59.19,1.0,1.0,97372.0,97376,2024-10-19 11:39:04.621000
385,Pass,2024-10-19 11:39:22.799,38.91,62.29,19.89,36.12,0.0,0.0,0.0,97372,0
386,Pass,2024-10-19 11:39:24.633,17.87,34.78,25.89,48.31,0.0,1.0,97352.0,97351,2024-10-19 11:39:24.823000
387,Pass,2024-10-19 11:39:26.827,24.9,49.1,20.42,46.09,1.0,1.0,97351.0,97352,2024-10-19 11:39:26.827000
388,Pass,2024-10-19 11:40:03.021,82.96,24.62,76.54,43.72,0.0,1.0,97378.0,97369,2024-10-19 11:40:03.021000
389,Pass,2024-10-19 11:40:03.226,77.18,42.08,78.09,25.74,0.0,1.0,97373.0,97378,2024-10-19 11:40:03.422000
390,Pass,2024-10-19 11:40:06.702,71.88,17.78,61.94,1.66,0.0,1.0,96905.0,97373,2024-10-19 11:40:06.827000
391,Pass,2024-10-19 11:40:15.864,62.64,1.72,9.92,-1.61,0.0,0.0,0.0,96905,0
392,Pass,2024-10-19 11:40:28.025,1.33,1.51,7.63,2.48,0.0,1.0,97346.0,97359,2024-10-19 11:40:28.221000
393,Pass,2024-10-19 11:40:37.027,16.56,0.54,32.03,5.95,0.0,0.0,0.0,97346,0
394,Pass,2024-10-19 11:40:37.821,34.45,4.43,30.21,8.12,0.0,1.0,97372.0,97373,2024-10-19 11:40:38.022000
395,Pass,2024-10-19 11:40:39.222,31.42,7.06,31.1,-1.45,0.0,0.0,0.0,96901,0
396,Pass,2024-10-19 11:40:48.221,32.94,-2.49,31.08,-0.06,0.0,1.0,97346.0,97359,2024-10-19 11:40:48.221000
397,Pass,2024-10-19 11:40:50.829,36.71,0.83,52.86,7.92,0.0,0.0,0.0,97346,0
398,TacklesAndInterceptions,2024-10-19 11:40:50.829,52.26,7.0,,,,,0.0,97369,0
399,Pass,2024-10-19 11:40:54.231,52.3,7.81,49.91,17.39,0.0,1.0,97378.0,97369,2024-10-19 11:40:54.423000
400,TacklesAndInterceptions,2024-10-19 11:41:15.841,45.17,10.35,,,,,0.0,96901,0
401,Pass,2024-10-19 11:41:15.841,48.87,23.81,42.7,10.86,0.0,0.0,0.0,97378,0
402,Pass,2024-10-19 11:41:20.421,45.27,10.13,42.39,6.7,0.0,1.0,97346.0,96901,2024-10-19 11:41:20.421000
403,Pass,2024-10-19 11:41:22.225,41.51,7.53,42.19,2.96,0.0,0.0,0.0,97346,0
404,Pass,2024-10-19 11:41:29.227,34.56,1.3,39.38,-0.78,1.0,1.0,96905.0,97375,2024-10-19 11:41:29.227000
405,Pass,2024-10-19 11:41:38.035,36.04,0.91,33.27,9.96,0.0,1.0,97372.0,96905,2024-10-19 11:41:38.035000
406,Pass,2024-10-19 11:41:41.423,33.22,14.38,37.84,15.27,0.0,1.0,97351.0,96901,2024-10-19 11:41:41.622000
407,TacklesAndInterceptions,2024-10-19 11:41:48.826,33.54,14.56,,,,,0.0,97372,0
408,Pass,2024-10-19 11:41:48.959,36.81,19.26,33.17,14.48,0.0,0.0,0.0,97351,0
409,TacklesAndInterceptions,2024-10-19 11:42:05.428,31.54,29.17,,,,,0.0,97355,0
410,Pass,2024-10-19 11:42:05.629,35.81,15.09,31.95,28.33,0.0,0.0,0.0,97372,0
411,TacklesAndInterceptions,2024-10-19 11:42:25.425,25.51,22.32,,,,,0.0,97373,0
412,Pass,2024-10-19 11:42:25.706,26.49,17.07,25.78,22.37,0.0,0.0,0.0,97355,0
413,Pass,2024-10-19 11:42:43.439,26.36,18.9,-3.09,37.13,0.0,0.0,0.0,97373,0
414,Pass,2024-10-19 11:43:40.483,-1.31,66.61,16.49,12.53,0.0,1.0,97376.0,97372,2024-10-19 11:43:40.623000
415,Pass,2024-10-19 11:43:48.881,17.96,14.06,42.24,4.67,1.0,0.0,0.0,97376,0
416,Pass,2024-10-19 11:44:03.591,64.21,0.4,74.78,10.93,0.0,0.0,0.0,97358,0
417,Pass,2024-10-19 11:44:08.125,76.56,6.48,84.69,2.46,0.0,1.0,96901.0,97355,2024-10-19 11:44:08.227000
418,Pass,2024-10-19 11:44:09.223,84.46,1.82,81.29,2.18,1.0,1.0,97358.0,96901,2024-10-19 11:44:09.428000
419,Pass,2024-10-19 11:44:11.825,81.64,2.5,87.45,34.0,0.0,0.0,0.0,97358,0
420,Pass,2024-10-19 11:44:24.639,75.78,58.86,72.4,70.0,0.0,0.0,0.0,97368,0
421,Pass,2024-10-19 11:44:56.459,77.29,57.2,92.35,45.15,1.0,1.0,97370.0,97378,2024-10-19 11:44:56.624000
422,Pass,2024-10-19 11:45:07.028,95.0,45.0,92.31,45.41,0.0,1.0,97369.0,97370,2024-10-19 11:45:07.028000
423,Pass,2024-10-19 11:45:39.001,95.68,28.83,41.91,54.62,0.0,0.0,0.0,97369,0
424,Pass,2024-10-19 11:45:48.427,42.51,45.19,47.67,51.38,0.0,1.0,97378.0,97374,2024-10-19 11:45:48.621000
425,Pass,2024-10-19 11:46:04.226,49.8,50.79,39.49,46.95,0.0,1.0,97373.0,97378,2024-10-19 11:46:04.226000
426,Pass,2024-10-19 11:46:03.431,37.32,46.31,42.74,47.54,1.0,0.0,0.0,97373,0
427,Pass,2024-10-19 11:46:07.025,48.19,47.73,49.52,27.79,0.0,1.0,97369.0,97370,2024-10-19 11:46:07.228000
428,TacklesAndInterceptions,2024-10-19 11:46:13.423,39.42,37.45,,,,,0.0,96901,0
429,Pass,2024-10-19 11:46:13.423,51.29,26.52,40.81,37.48,0.0,0.0,0.0,97369,0
430,Pass,2024-10-19 11:46:24.969,45.62,41.15,88.05,24.7,0.0,0.0,0.0,96901,0
431,Pass,2024-10-19 11:47:00.309,89.37,24.81,18.63,-1.31,0.0,0.0,0.0,97369,0
432,Pass,2024-10-19 11:47:11.225,20.15,1.67,19.81,6.95,0.0,0.0,0.0,96905,0
433,Pass,2024-10-19 11:47:16.625,19.37,6.24,27.57,4.3,0.0,1.0,97358.0,97351,2024-10-19 11:47:16.625000
434,Pass,2024-10-19 11:47:34.652,16.45,38.28,92.06,-1.6,0.0,0.0,0.0,97347,0
435,Pass,2024-10-19 11:48:17.624,90.18,18.59,79.01,20.84,0.0,1.0,97372.0,97373,2024-10-19 11:48:17.821000
436,Pass,2024-10-19 11:48:23.693,73.98,24.44,43.14,51.69,0.0,1.0,97376.0,97372,2024-10-19 11:48:23.823000
437,Pass,2024-10-19 11:48:41.971,25.18,52.78,66.74,10.75,1.0,1.0,96905.0,97376,2024-10-19 11:48:42.041000
438,Pass,2024-10-19 11:48:43.423,67.02,10.38,61.68,7.62,0.0,0.0,0.0,96905,0
439,TacklesAndInterceptions,2024-10-19 11:48:43.423,62.49,8.05,,,,,0.0,97358,0
440,Pass,2024-10-19 11:48:51.241,35.7,10.58,34.01,21.99,0.0,1.0,97347.0,97346,2024-10-19 11:48:51.241000
441,Pass,2024-10-19 11:49:02.218,33.33,24.41,28.32,9.14,0.0,1.0,97346.0,97347,2024-10-19 11:49:02.434000
442,Pass,2024-10-19 11:49:08.024,29.09,8.33,32.97,11.63,0.0,1.0,97347.0,97346,2024-10-19 11:49:08.825000
443,Pass,2024-10-19 11:49:30.212,24.63,11.72,77.23,52.87,0.0,1.0,97352.0,97347,2024-10-19 11:49:30.238000
444,Pass,2024-10-19 11:49:34.021,72.06,51.1,79.6,61.77,0.0,1.0,96901.0,97352,2024-10-19 11:49:34.021000
445,Pass,2024-10-19 11:49:43.909,85.75,61.43,105.22,12.02,0.0,0.0,0.0,96901,0
446,Pass,2024-10-19 11:50:43.837,50.16,25.99,44.25,23.11,0.0,1.0,97372.0,96905,2024-10-19 11:50:44.223000
447,Pass,2024-10-19 11:50:57.558,43.36,21.08,59.48,41.13,0.0,1.0,97370.0,97372,2024-10-19 11:50:57.624000
448,Pass,2024-10-19 11:51:01.834,55.33,45.74,33.44,49.71,0.0,1.0,97376.0,97370,2024-10-19 11:51:02.024000
449,Pass,2024-10-19 11:51:39.757,83.84,24.66,85.97,3.5,0.0,0.0,0.0,97369,0
450,TacklesAndInterceptions,2024-10-19 11:51:39.624,85.11,4.4,,,,,0.0,96901,0
451,Pass,2024-10-19 11:52:58.227,27.04,12.35,64.84,-1.09,0.0,0.0,0.0,96901,0
452,Pass,2024-10-19 11:53:06.829,59.0,0.6,50.21,2.09,0.0,1.0,97375.0,96905,2024-10-19 11:53:06.829000
453,Pass,2024-10-19 11:53:09.625,48.78,1.5,39.8,3.51,0.0,0.0,0.0,97375,0
454,Pass,2024-10-19 11:53:09.625,38.17,4.37,47.05,-1.03,0.0,0.0,0.0,97346,0
455,TacklesAndInterceptions,2024-10-19 11:53:29.222,73.28,7.28,,,,,0.0,96902,0
456,Pass,2024-10-19 11:53:29.367,44.99,0.38,73.25,6.57,1.0,0.0,0.0,96905,0
457,Pass,2024-10-19 11:53:33.095,79.67,3.48,93.77,8.3,0.0,1.0,97355.0,96902,2024-10-19 11:53:33.226000
458,TacklesAndInterceptions,2024-10-19 11:53:41.837,63.11,33.47,,,,,0.0,97372,0
459,Pass,2024-10-19 11:53:41.642,82.93,19.01,62.22,32.89,1.0,0.0,0.0,97355,0
460,Pass,2024-10-19 11:53:47.192,57.17,29.49,21.9,17.55,0.0,1.0,97375.0,97372,2024-10-19 11:53:47.234000
461,Pass,2024-10-19 11:54:24.421,58.46,34.71,27.85,45.17,0.0,0.0,0.0,97375,0
462,TacklesAndInterceptions,2024-10-19 11:54:24.421,27.81,45.08,,,,,0.0,96901,0
463,Pass,2024-10-19 11:54:36.221,44.68,20.51,28.21,39.87,0.0,1.0,96901.0,97358,2024-10-19 11:54:36.221000
464,Pass,2024-10-19 11:55:15.355,22.62,40.5,20.29,7.6,0.0,1.0,97346.0,96901,2024-10-19 11:55:15.423000
465,Pass,2024-10-19 11:55:24.666,19.48,7.1,40.97,61.24,0.0,1.0,97352.0,97346,2024-10-19 11:55:24.836000
466,Pass,2024-10-19 11:55:28.989,37.59,61.0,37.31,68.51,0.0,0.0,0.0,97352,0
467,Pass,2024-10-19 11:56:16.621,47.62,4.67,39.61,1.07,0.0,1.0,97375.0,96905,2024-10-19 11:56:16.834000
468,Pass,2024-10-19 11:56:20.293,41.99,3.19,54.59,2.77,0.0,1.0,97355.0,97351,2024-10-19 11:56:20.422000
469,Pass,2024-10-19 11:56:21.422,54.18,3.32,57.28,10.21,0.0,1.0,97351.0,97355,2024-10-19 11:56:21.621000
470,Pass,2024-10-19 11:56:36.113,60.44,11.79,61.83,45.96,0.0,1.0,97358.0,97351,2024-10-19 11:56:39.421000
471,Pass,2024-10-19 11:56:44.421,61.52,46.75,92.13,33.57,0.0,1.0,97355.0,97358,2024-10-19 11:56:44.421000
472,TacklesAndInterceptions,2024-10-19 11:56:47.625,38.47,15.76,,,,,0.0,97375,0
473,Pass,2024-10-19 11:56:47.741,91.44,33.97,35.62,15.61,1.0,0.0,0.0,97355,0
474,Pass,2024-10-19 11:56:53.977,6.56,16.16,-3.0,31.46,0.0,0.0,0.0,97375,0
475,Pass,2024-10-19 11:57:20.670,7.85,26.91,49.96,34.42,1.0,0.0,0.0,97376,0
476,TacklesAndInterceptions,2024-10-19 11:57:20.428,51.09,35.08,,,,,0.0,97355,0
477,Pass,2024-10-19 11:57:44.430,52.06,34.36,45.11,34.75,1.0,1.0,97351.0,97355,2024-10-19 11:57:44.430000
478,Pass,2024-10-19 11:57:44.226,42.39,35.07,50.06,33.56,0.0,0.0,0.0,97351,0
479,TacklesAndInterceptions,2024-10-19 11:57:44.226,50.76,34.94,,,,,0.0,97374,0
480,TacklesAndInterceptions,2024-10-19 11:57:53.029,80.09,10.41,,,,,0.0,97355,0
481,Pass,2024-10-19 11:57:53.138,47.12,23.24,79.52,10.98,1.0,0.0,0.0,97374,0
482,Pass,2024-10-19 11:57:56.424,89.36,8.52,93.77,10.66,0.0,0.0,0.0,97355,0
483,Pass,2024-10-19 11:57:58.422,94.1,9.96,105.42,14.28,0.0,0.0,0.0,97355,0
484,Pass,2024-10-19 11:58:35.941,71.41,10.59,48.17,17.97,1.0,1.0,97352.0,97355,2024-10-19 11:58:36.021000
485,Pass,2024-10-19 11:58:39.617,52.81,25.37,61.19,65.94,0.0,1.0,97358.0,97352,2024-10-19 11:58:39.622000
486,Pass,2024-10-19 11:58:47.165,63.28,63.81,78.72,43.14,0.0,0.0,0.0,97358,0
487,Pass,2024-10-19 11:59:01.512,58.77,33.68,86.92,33.07,0.0,1.0,97351.0,97346,2024-10-19 11:59:01.625000
488,Pass,2024-10-19 11:59:02.064,84.88,33.26,88.19,38.16,0.0,1.0,97358.0,97351,2024-10-19 11:59:02.627000
489,TacklesAndInterceptions,2024-10-19 11:59:04.035,89.57,40.79,,,,,0.0,97368,0
490,Pass,2024-10-19 11:59:05.423,87.74,42.23,88.77,39.22,0.0,0.0,0.0,97358,0
491,Pass,2024-10-19 11:59:07.044,89.38,40.35,89.22,33.45,0.0,1.0,97373.0,97368,2024-10-19 11:59:07.228000
492,Pass,2024-10-19 11:59:08.830,87.92,34.22,71.83,35.97,0.0,0.0,0.0,97373,0
493,TacklesAndInterceptions,2024-10-19 11:59:08.830,72.22,37.36,,,,,0.0,96901,0
494,Pass,2024-10-19 11:59:30.821,85.53,0.64,92.71,10.74,0.0,1.0,97369.0,96905,2024-10-19 11:59:30.821000
495,Pass,2024-10-19 11:59:32.825,93.54,12.33,76.01,16.6,0.0,0.0,0.0,97369,0
496,Pass,2024-10-19 11:59:34.624,77.04,19.03,79.48,16.23,0.0,1.0,97373.0,97383,2024-10-19 11:59:34.624000
497,Pass,2024-10-19 11:59:36.622,79.82,17.68,74.09,8.17,0.0,1.0,96905.0,97373,2024-10-19 11:59:36.622000
498,Pass,2024-10-19 11:59:37.036,76.15,8.98,70.48,3.1,0.0,1.0,97375.0,96905,2024-10-19 11:59:37.223000
499,Pass,2024-10-19 11:59:37.821,70.0,3.17,70.28,-2.99,0.0,0.0,0.0,97375,0
500,Pass,2024-10-19 11:59:48.223,66.7,1.02,51.8,8.56,0.0,1.0,97374.0,96905,2024-10-19 11:59:48.223000
501,Pass,2024-10-19 11:59:49.622,51.54,9.43,49.99,13.23,0.0,0.0,0.0,97374,0
502,Pass,2024-10-19 11:59:57.399,49.01,14.09,35.98,56.89,0.0,1.0,97352.0,96901,2024-10-19 11:59:57.429000
503,Pass,2024-10-19 12:00:09.037,26.98,18.94,-3.09,8.88,0.0,0.0,0.0,97376,0
504,Pass,2024-10-19 12:00:32.701,5.94,42.36,29.14,68.61,0.0,0.0,0.0,96901,0
505,Pass,2024-10-19 12:02:02.164,19.96,14.28,57.19,42.59,0.0,0.0,0.0,96900,0
506,Pass,2024-10-19 12:02:03.025,57.88,42.1,55.47,42.37,0.0,1.0,97378.0,97370,2024-10-19 12:02:03.222000
507,TacklesAndInterceptions,2024-10-19 12:02:07.023,61.52,37.01,,,,,0.0,97373,0
508,Pass,2024-10-19 12:02:07.023,60.16,31.5,61.83,37.44,0.0,0.0,0.0,96901,0
509,Pass,2024-10-19 12:02:10.216,61.77,37.84,75.54,59.81,0.0,0.0,0.0,97373,0
510,Pass,2024-10-19 12:03:12.047,100.52,26.87,66.18,53.36,0.0,1.0,97368.0,97369,2024-10-19 12:03:12.221000
511,Pass,2024-10-19 12:03:24.636,53.96,51.65,60.21,55.9,0.0,1.0,96901.0,96902,2024-10-19 12:03:24.823000
512,Pass,2024-10-19 12:03:31.221,68.81,68.0,70.18,65.61,0.0,1.0,97355.0,96901,2024-10-19 12:03:31.221000
513,Pass,2024-10-19 12:03:52.183,71.46,61.55,91.27,65.8,1.0,0.0,0.0,97378,0
514,Pass,2024-10-19 12:03:52.621,92.24,65.05,90.53,68.28,0.0,0.0,0.0,96902,0
515,Pass,2024-10-19 12:04:29.643,49.2,19.61,43.06,18.95,0.0,1.0,97379.0,97375,2024-10-19 12:04:29.643000
516,Pass,2024-10-19 12:04:37.625,20.67,24.01,24.29,24.62,0.0,1.0,96900.0,97356,2024-10-19 12:04:37.625000
517,Pass,2024-10-19 12:04:41.123,24.6,25.32,39.15,45.63,0.0,0.0,0.0,96900,0
518,Pass,2024-10-19 12:04:47.921,48.54,63.53,73.38,71.85,0.0,0.0,0.0,96902,0
519,Pass,2024-10-19 12:07:02.442,39.05,24.54,80.46,-4.14,0.0,0.0,0.0,96900,0
520,Pass,2024-10-19 12:07:07.635,84.72,4.02,92.03,14.44,0.0,1.0,97369.0,96905,2024-10-19 12:07:07.822000
521,Pass,2024-10-19 12:07:55.365,94.38,16.25,81.5,38.69,0.0,0.0,0.0,96905,0
522,Pass,2024-10-19 12:08:01.859,84.26,38.27,50.17,38.62,1.0,1.0,97351.0,97346,2024-10-19 12:08:02.026000
523,TacklesAndInterceptions,2024-10-19 12:08:42.821,71.06,15.01,,,,,0.0,97357,0
524,Pass,2024-10-19 12:08:43.087,14.42,35.21,71.58,14.88,1.0,0.0,0.0,97379,0
525,Pass,2024-10-19 12:08:54.421,71.68,11.68,57.77,17.94,1.0,0.0,0.0,97357,0
526,Pass,2024-10-19 12:09:00.509,62.9,12.86,104.44,13.21,1.0,0.0,0.0,96905,0
527,Pass,2024-10-19 12:09:55.824,60.93,64.03,62.56,60.63,0.0,1.0,97374.0,97368,2024-10-19 12:09:55.824000
528,Pass,2024-10-19 12:10:04.235,64.7,57.21,61.16,53.0,0.0,0.0,0.0,97374,0
529,TacklesAndInterceptions,2024-10-19 12:10:04.235,62.63,53.91,,,,,0.0,97355,0
530,Pass,2024-10-19 12:10:07.022,61.32,53.48,60.05,49.02,0.0,1.0,97351.0,97355,2024-10-19 12:10:08.226000
531,Pass,2024-10-19 12:10:20.421,83.22,63.53,82.87,61.85,0.0,1.0,97357.0,96902,2024-10-19 12:10:20.421000
532,Pass,2024-10-19 12:10:25.431,71.34,60.09,77.36,62.93,0.0,0.0,0.0,97357,0
533,Pass,2024-10-19 12:10:25.226,73.62,61.64,82.22,68.61,1.0,0.0,0.0,97368,0
534,Pass,2024-10-19 12:10:35.478,92.38,41.64,72.87,-1.66,0.0,0.0,0.0,97351,0
535,Pass,2024-10-19 12:10:43.581,73.57,0.81,79.61,22.11,0.0,1.0,97351.0,96900,2024-10-19 12:10:43.621000
536,Pass,2024-10-19 12:10:44.423,79.72,19.84,80.45,24.72,0.0,0.0,0.0,97351,0
537,Pass,2024-10-19 12:10:51.222,75.38,38.99,86.38,33.35,1.0,1.0,97373.0,97378,2024-10-19 12:10:51.222000
538,Pass,2024-10-19 12:11:11.976,22.18,32.98,-1.28,48.4,1.0,0.0,0.0,97346,0
539,Pass,2024-10-19 12:11:45.762,29.38,35.48,11.83,11.49,0.0,1.0,96900.0,97356,2024-10-19 12:11:45.850000
540,Pass,2024-10-19 12:11:50.223,5.09,4.4,34.42,12.58,0.0,0.0,0.0,96900,0
541,Pass,2024-10-19 12:11:52.022,34.23,13.3,35.49,20.42,0.0,1.0,97378.0,96905,2024-10-19 12:11:52.221000
542,Pass,2024-10-19 12:11:59.953,27.01,42.24,50.16,48.64,0.0,0.0,0.0,97356,0
543,Pass,2024-10-19 12:12:00.824,48.89,50.13,60.95,49.9,1.0,1.0,97370.0,97368,2024-10-19 12:12:01.040000
544,TacklesAndInterceptions,2024-10-19 12:12:12.424,53.46,58.59,,,,,0.0,97368,0
545,TacklesAndInterceptions,2024-10-19 12:12:23.222,53.94,55.45,,,,,0.0,97356,0
546,Pass,2024-10-19 12:12:23.627,66.06,61.91,56.23,53.61,0.0,0.0,0.0,97368,0
547,Pass,2024-10-19 12:12:31.621,85.98,65.55,87.43,56.44,0.0,1.0,96902.0,97355,2024-10-19 12:12:31.821000
548,Pass,2024-10-19 12:12:34.146,86.81,60.86,84.2,46.7,0.0,0.0,0.0,96902,0
549,Pass,2024-10-19 12:12:55.043,76.9,26.98,38.31,28.89,1.0,0.0,0.0,96900,0
550,Pass,2024-10-19 12:12:55.852,36.6,29.83,47.04,28.13,1.0,1.0,97373.0,97379,2024-10-19 12:12:55.852000
551,Pass,2024-10-19 12:12:58.023,47.08,27.37,56.4,28.42,1.0,1.0,97369.0,97373,2024-10-19 12:12:58.023000
552,Pass,2024-10-19 12:13:04.600,38.45,34.24,60.92,31.31,0.0,1.0,97357.0,97356,2024-10-19 12:13:04.629000
553,Pass,2024-10-19 12:13:10.441,60.8,30.87,68.95,59.14,0.0,1.0,96902.0,97357,2024-10-19 12:13:10.625000
554,Pass,2024-10-19 12:13:14.821,68.37,59.98,56.51,52.2,1.0,1.0,97356.0,96902,2024-10-19 12:13:14.836000
555,Pass,2024-10-19 12:13:16.438,57.93,53.01,69.17,51.72,0.0,1.0,96902.0,97356,2024-10-19 12:13:16.623000
556,Pass,2024-10-19 12:13:22.423,69.94,51.53,71.03,40.42,0.0,0.0,0.0,96902,0
557,Pass,2024-10-19 12:13:25.626,64.43,56.66,77.23,69.06,0.0,0.0,0.0,97356,0
558,Pass,2024-10-19 12:13:29.422,79.37,60.94,81.35,70.03,0.0,0.0,0.0,97357,0
559,Shot,2024-10-19 12:13:40.624,103.52,50.94,,,,,0.0,97357,0
560,TacklesAndInterceptions,2024-10-19 12:13:47.228,98.55,33.18,,,,,0.0,97369,0
561,Pass,2024-10-19 12:14:22.288,98.14,24.43,76.68,32.28,0.0,0.0,0.0,97369,0
562,Shot,2024-10-19 12:14:23.597,74.84,31.54,,,,,0.0,97357,0
563,TacklesAndInterceptions,2024-10-19 12:14:51.821,26.96,25.76,,,,,0.0,97346,0
564,Pass,2024-10-19 12:14:51.993,97.02,25.72,27.52,26.17,0.0,0.0,0.0,97369,0
565,TacklesAndInterceptions,2024-10-19 12:14:54.423,38.02,14.75,,,,,0.0,96905,0
566,Pass,2024-10-19 12:14:54.423,26.31,24.44,38.23,13.2,0.0,0.0,0.0,97346,0
567,Pass,2024-10-19 12:15:33.984,56.98,2.42,43.12,-4.01,0.0,0.0,0.0,96905,0
568,Pass,2024-10-19 12:16:04.141,68.05,59.72,76.56,68.09,0.0,0.0,0.0,96902,0
569,Pass,2024-10-19 12:16:35.510,85.72,63.95,107.35,10.65,0.0,0.0,0.0,96902,0
570,TacklesAndInterceptions,2024-10-19 12:17:29.423,5.04,2.86,,,,,0.0,97351,0
571,Pass,2024-10-19 12:17:29.633,19.12,26.26,9.04,1.94,0.0,0.0,0.0,97381,0
572,Pass,2024-10-19 12:17:34.326,9.56,2.37,12.72,26.32,0.0,1.0,97346.0,97351,2024-10-19 12:17:34.435000
573,Pass,2024-10-19 12:18:12.482,80.46,35.14,96.5,33.67,0.0,1.0,96900.0,97346,2024-10-19 12:18:12.643000
574,Pass,2024-10-19 12:18:12.643,94.35,34.22,98.27,31.73,0.0,0.0,0.0,96900,0
575,Shot,2024-10-19 12:18:12.985,80.46,35.14,,,,,0.0,97346,0
576,TacklesAndInterceptions,2024-10-19 12:18:44.226,16.8,5.27,,,,,0.0,96900,0
577,Pass,2024-10-19 12:18:52.628,17.34,3.1,42.13,-1.27,0.0,0.0,0.0,96900,0
